{
    "size": [
        350,
        543
    ],
    "mean": [
        0.016121178860934875
    ],
    "std": [
        0.0796078863779478
    ]
}